	model	symmetry	micro-precision	micro-recall	micro-f1	macro-precision	macro-recall	macro-f1	accuracy
0	../final/models/mono_base	asymmetric	1.0	0.9985714285714286	0.9992852037169406	1.0	0.9985714285714286	0.9992852037169406	0.9985714285714286
1	../final/models/mono_base	symmetric	0.0	0.0	0.0	0.0	0.0	0.0	0.0
2	../final/models/mono_nli	asymmetric	1.0	0.9914285714285714	0.9956958393113343	1.0	0.9914285714285714	0.9956958393113343	0.9914285714285714
3	../final/models/mono_nli	symmetric	1.0	0.006666666666666667	0.013245033112582781	1.0	0.006666666666666667	0.013245033112582781	0.006666666666666667
