	model	micro-precision	micro-recall	micro-f1	macro-precision	macro-recall	macro-f1	accuracy
0	../models/sym_base	0.4954128440366973	0.4954128440366973	0.4954128440366973	0.2488479262672811	0.4954128440366973	0.3312883435582822	0.4954128440366973
1	../models/sym_nli	0.518348623853211	0.518348623853211	0.518348623853211	0.7546728971962617	0.518348623853211	0.3728595303980931	0.518348623853211
2	JeremiahZ/bert-base-uncased-mnli	0.8440366972477065	0.8440366972477065	0.8440366972477065	0.8498074454428755	0.8440366972477065	0.8433908045977012	0.8440366972477065
